<?xml version="1.0" encoding="UTF-8"?>

<beans xmlns="http://www.springframework.org/schema/beans"
     xmlns:xsi="http://www.w3.org/2001/XMLSchema-instance"
     xsi:schemaLocation="http://www.springframework.org/schema/beans
http://www.springframework.org/schema/beans/spring-beans-4.0.xsd">
<!-- property injection/setter injection -->
<bean id="employee" class="com.cg.example.spring1.Employee">
        <property name="employeeId">
            <value>101</value>
             </property>
             <property name="employeeName">
             <value>preethi</value> 
              </property>
             <property name="salary">
             <value>30000</value>          
        </property>
          <property name="businessunit">
             <value>Analyst</value>          
        </property>
          <property name="age">
             <value>21</value>          
        </property>
    </bean>
    
    <bean id="sbu" class="com.cg.example.spring1.SBU">
        <property name="sbuId">
            <value>102</value>
             </property>
             <property name="sbuName">
             <value>chinky</value> 
              </property>
             <property name="sbuHead">
             <value>Kiran Rao</value>          
        </property>
          
    </bean>
</beans>